{"train/std":1.0007364,"train/entropy_loss":-4.255138,"_runtime":1700.6432586,"_wandb":{"runtime":1700},"train/clip_fraction":0,"train/loss":24.024645,"train/policy_gradient_loss":-0.0004981644,"rollout/ep_rew_mean":-246.5794,"global_step":106496,"_timestamp":1.73651036987235e+09,"time/fps":62,"train/approx_kl":0.00034599454,"train/explained_variance":0.14091384,"train/learning_rate":0.0001,"_step":159,"rollout/ep_len_mean":501,"train/value_loss":56.50937,"train/clip_range":0.2}