{"train/policy_gradient_loss":-0.0018532627,"train/clip_range":0.2,"train/clip_fraction":0.04814453,"_wandb":{"runtime":4601},"_step":1705,"global_step":270336,"rollout/ep_rew_mean":-171.16667,"train/value_loss":0.833106,"time/fps":59,"train/entropy_loss":-4.588793,"rollout/ep_len_mean":481.69,"train/approx_kl":0.006519572,"_timestamp":1.7365234874549572e+09,"train/learning_rate":0.0003,"train/loss":0.152799,"_runtime":4573.1528624,"train/std":1.1222134,"train/explained_variance":0.987069}