{"rollout/ep_len_mean":497.61,"_step":314,"_timestamp":1.736428760053456e+09,"train/entropy_loss":-4.324246,"train/loss":9.711786,"global_step":102400,"train/explained_variance":0.90742433,"time/fps":62,"train/clip_range":0.2,"train/clip_fraction":0.010571289,"train/value_loss":5.303696,"rollout/ep_rew_mean":-224.54424,"_wandb":{"runtime":1655},"train/learning_rate":0.0001,"train/std":1.021756,"_runtime":1654.2908634,"train/approx_kl":0.0039695464,"train/policy_gradient_loss":-0.0025937879}